{"cameraMode":{"drawMode":0,"name":"Shaded","section":"Shading Mode"},"sceneLighting":false,"audioPlay":false,"sceneViewState":{"showFog":true,"showMaterialUpdate":true,"showSkybox":false,"showFlares":true,"showImageEffects":true,"showParticleSystems":true},"in2DMode":false,"pivot":{"x":-0.052851200103759769,"y":2.875,"z":-1.1920928955078126e-7},"rotation":{"x":-0.002979651093482971,"y":-0.9939876198768616,"z":0.025638872757554055,"w":-0.1077650636434555},"size":4.031463623046875,"orthographic":false}