{"cameraMode":{"drawMode":0,"name":"Shaded","section":"Shading Mode"},"sceneLighting":true,"audioPlay":false,"sceneViewState":{"showFog":true,"showMaterialUpdate":true,"showSkybox":true,"showFlares":true,"showImageEffects":true,"showParticleSystems":true},"in2DMode":false,"pivot":{"x":-0.00900125503540039,"y":2.874999761581421,"z":-0.47000014781951907},"rotation":{"x":-0.0011907146545127035,"y":0.008995997719466687,"z":0.000010362404282204807,"w":0.9999740719795227},"size":9.988551139831543,"orthographic":false}