{"cameraMode":{"drawMode":0,"name":"Shaded","section":"Shading Mode"},"sceneLighting":true,"audioPlay":false,"sceneViewState":{"showFog":true,"showMaterialUpdate":true,"showSkybox":false,"showFlares":true,"showImageEffects":true,"showParticleSystems":true},"in2DMode":false,"pivot":{"x":12.366297721862793,"y":2.4389514923095705,"z":2.273618698120117},"rotation":{"x":-0.19027939438819886,"y":-0.6901472210884094,"z":0.19554531574249268,"w":-0.670465886592865},"size":4.713797569274902,"orthographic":false}