{"cameraMode":{"drawMode":0,"name":"Shaded","section":"Shading Mode"},"sceneLighting":false,"audioPlay":false,"sceneViewState":{"showFog":true,"showMaterialUpdate":true,"showSkybox":false,"showFlares":true,"showImageEffects":true,"showParticleSystems":true},"in2DMode":false,"pivot":{"x":-0.00900125503540039,"y":2.874999761581421,"z":-0.47000014781951907},"rotation":{"x":0.2712500989437103,"y":-0.4002132713794708,"z":0.12519970536231996,"w":0.8666192889213562},"size":3.421339273452759,"orthographic":false}