{"cameraMode":{"drawMode":0,"name":"Shaded","section":"Shading Mode"},"sceneLighting":false,"audioPlay":false,"sceneViewState":{"showFog":true,"showMaterialUpdate":true,"showSkybox":false,"showFlares":true,"showImageEffects":true,"showParticleSystems":true},"in2DMode":false,"pivot":{"x":-0.42896077036857607,"y":1.5659644603729249,"z":-0.5993375182151794},"rotation":{"x":-0.08803296834230423,"y":-0.6200566291809082,"z":0.07017745077610016,"w":-0.7765666246414185},"size":5.911005020141602,"orthographic":false}