{"cameraMode":{"drawMode":0,"name":"Shaded","section":"Shading Mode"},"sceneLighting":true,"audioPlay":false,"sceneViewState":{"showFog":true,"showMaterialUpdate":true,"showSkybox":true,"showFlares":true,"showImageEffects":true,"showParticleSystems":true},"in2DMode":false,"pivot":{"x":10.663921356201172,"y":5.023242950439453,"z":-4.868311882019043},"rotation":{"x":0.03180418536067009,"y":-0.001503031817264855,"z":0.000048819929361343384,"w":0.9995061159133911},"size":73.17851257324219,"orthographic":false}