{"cameraMode":{"drawMode":0,"name":"Shaded","section":"Shading Mode"},"sceneLighting":false,"audioPlay":false,"sceneViewState":{"showFog":true,"showMaterialUpdate":true,"showSkybox":false,"showFlares":true,"showImageEffects":true,"showParticleSystems":true},"in2DMode":false,"pivot":{"x":0.28340816497802737,"y":0.043991267681121829,"z":-1.437301516532898},"rotation":{"x":-0.0542607344686985,"y":-0.0422477163374424,"z":0.0019587345886975528,"w":-0.9978352189064026},"size":9.93346881866455,"orthographic":false}